<application>
  <component name="libraryTable">
    <library name="all" type="javaScript">
      <properties>
        <sourceFilesUrls>
          <item url="file://$APPLICATION_CONFIG_DIR$/javascript/extLibs/http_use.fontawesome.com_releases_v5.1.0_css_all.css" />
        </sourceFilesUrls>
      </properties>
      <CLASSES>
        <root url="file://$APPLICATION_CONFIG_DIR$/javascript/extLibs/http_use.fontawesome.com_releases_v5.1.0_css_all.css" />
      </CLASSES>
      <SOURCES />
    </library>
  </component>
</application>