<application>
  <component name="LocalDatabaseDriverManager" version="201">
    <driver id="mariadb" dialect="MySQL">
      <artifact id="MariaDB Connector J" name="MariaDB Connector J" use="true" version="3.3.3" />
    </driver>
    <driver id="azure.ms">
      <option name="auto-sync" value="false" />
    </driver>
    <driver id="mysql.8">
      <artifact />
      <artifact id="MySQL ConnectorJ" name="MySQL ConnectorJ" use="true" version="8.2.0" />
    </driver>
    <driver id="mysql">
      <artifact id="MySQL Connector/J" name="MySQL Connector/J" use="true" version="5.1.46" />
    </driver>
    <driver id="mysql_aurora.aws_wrapper">
      <artifact id="AWS JDBC Wrapper for MySQL" name="AWS JDBC Wrapper for MySQL" use="true" version="2.3.7" />
    </driver>
    <driver id="mysql_aurora_aws">
      <artifact id="AWS Aurora MySQL" name="AWS Aurora MySQL" use="true" version="1.1.14" />
    </driver>
    <driver id="mysql_aurora">
      <artifact id="MariaDB Connector J" name="MariaDB Connector J" channel="MariaDB_2.X" rolling="true" use="true" version="2.7.3" />
    </driver>
    <driver id="postgresql">
      <artifact id="PostgreSQL" name="PostgreSQL" use="true" version="42.2.5" />
    </driver>
    <driver id="sqlite.xerial">
      <artifact id="Xerial SQLiteJDBC" name="Xerial SQLiteJDBC" use="true" version="3.45.1" />
    </driver>
  </component>
</application>