<application>
  <component name="EditorSettings">
    <option name="languageBreadcrumbsMap">
      <map>
        <entry key="CSS" value="true" />
        <entry key="HTML" value="true" />
        <entry key="Haml" value="false" />
        <entry key="JSON" value="false" />
        <entry key="JSX Harmony" value="true" />
        <entry key="JavaScript" value="false" />
        <entry key="PHP" value="true" />
        <entry key="SASS" value="false" />
        <entry key="SCSS" value="true" />
        <entry key="TypeScript" value="false" />
        <entry key="XHTML" value="false" />
        <entry key="XML" value="true" />
        <entry key="yaml" value="false" />
      </map>
    </option>
    <option name="USE_SOFT_WRAPS" value="" />
    <option name="SHOW_BREADCRUMBS_ABOVE" value="true" />
    <option name="IS_WHEEL_FONTCHANGE_ENABLED" value="true" />
  </component>
  <component name="InlayHintsSettings">
    <option name="lastViewedProviderKeyId" value="parameter.hints.old" />
  </component>
</application>