<application>
  <component name="DefaultFont">
    <option name="FONT_SIZE" value="14" />
    <option name="FONT_FAMILY" value="Fira Code" />
    <option name="FONT_REGULAR_SUB_FAMILY" value="Regular" />
    <option name="FONT_BOLD_SUB_FAMILY" value="Bold" />
    <option name="LINE_SPACING" value="1.9" />
    <option name="USE_LIGATURES" value="true" />
    <option name="SECONDARY_FONT_FAMILY" value="DejaVu Sans Mono" />
  </component>
  <component name="EditorSettings">
    <option name="languageBreadcrumbsMap">
      <map>
        <entry key="CSS" value="true" />
        <entry key="HTML" value="true" />
        <entry key="Haml" value="false" />
        <entry key="JSON" value="false" />
        <entry key="JSX Harmony" value="true" />
        <entry key="JavaScript" value="false" />
        <entry key="PHP" value="true" />
        <entry key="SASS" value="false" />
        <entry key="SCSS" value="true" />
        <entry key="TypeScript" value="false" />
        <entry key="XHTML" value="false" />
        <entry key="XML" value="true" />
        <entry key="yaml" value="false" />
      </map>
    </option>
    <option name="USE_SOFT_WRAPS" value="CONSOLE" />
    <option name="SHOW_BREADCRUMBS_ABOVE" value="true" />
    <option name="IS_WHEEL_FONTCHANGE_ENABLED" value="true" />
  </component>
  <component name="InlayHintsSettings">
    <option name="lastViewedProviderKeyId" value="parameter.hints.old" />
  </component>
</application>