<application>
  <component name="FileTypeManager" version="19">
    <ignoreFiles list="*.cache;*.pyc;*.pyo;*.rbc;*.yarb;*~;.DS_Store;.git;.hg;.mypy_cache;.pytest_cache;.ruff_cache;.svn;CVS;__pycache__;_svn;vssver.scc;vssver2.scc" />
    <extensionMap>
      <mapping pattern="email-checker" type="AUTO_DETECTED" />
      <mapping pattern="pint" type="AUTO_DETECTED" />
      <mapping pattern="access_control-index" type="AUTO_DETECTED" />
      <mapping ext="php " type="PHP" />
      <mapping pattern="phpunit" type="PLAIN_TEXT" />
      <mapping pattern=".gitkeep" type="PLAIN_TEXT" />
      <mapping ext="dev" type="PLAIN_TEXT" />
      <mapping ext="example" type="PLAIN_TEXT" />
      <mapping ext="stub" type="PLAIN_TEXT" />
      <mapping ext="test" type="PLAIN_TEXT" />
      <mapping ext="sqlite" type="PLAIN_TEXT" />
      <mapping ext="eot" type="PLAIN_TEXT" />
      <mapping ext="template" type="PLAIN_TEXT" />
      <mapping ext="cnf" type="PLAIN_TEXT" />
      <mapping ext="copy" type="PLAIN_TEXT" />
      <mapping ext="dist" type="PLAIN_TEXT" />
      <mapping ext="cap" type="PLAIN_TEXT" />
      <mapping ext="neon" type="YAML" />
      <removed_mapping ext="bat" approved="true" type="PLAIN_TEXT" />
      <removed_mapping ext="cmd" approved="true" type="PLAIN_TEXT" />
      <removed_mapping ext="dockerfile" approved="true" type="textmate" />
      <removed_mapping ext="http" approved="true" type="PLAIN_TEXT" />
      <removed_mapping ext="log" approved="true" type="LargeLog" />
      <removed_mapping ext="log" approved="true" type="PLAIN_TEXT" />
      <removed_mapping ext="makefile" approved="true" type="textmate" />
      <removed_mapping ext="snakefile" approved="true" type="textmate" />
      <removed_mapping ext="xlf" approved="true" type="XML" />
      <removed_mapping pattern=".env.prod" approved="true" type="PLAIN_TEXT" />
      <removed_mapping pattern=".env.test" approved="true" type="PLAIN_TEXT" />
      <removed_mapping pattern=".gitmodules" approved="true" type="PLAIN_TEXT" />
      <removed_mapping pattern=".jshintignore" approved="true" type="PLAIN_TEXT" />
      <removed_mapping pattern=".npmignore" approved="true" type="PLAIN_TEXT" />
      <removed_mapping pattern=".npmrc" approved="true" type="PLAIN_TEXT" />
      <removed_mapping pattern=".prettierrc" approved="true" type="JSON" />
      <removed_mapping pattern=".stylelintignore" approved="true" type="PLAIN_TEXT" />
      <removed_mapping pattern=".webstorm_nodejs_helpers" approved="true" type="PLAIN_TEXT" />
      <removed_mapping pattern=".yarnrc" approved="true" type="PLAIN_TEXT" />
      <removed_mapping pattern=".zsh_history" approved="true" type="PLAIN_TEXT" />
      <removed_mapping pattern="2b2e3345a6799403d8ed27d5a302d5e170286621" approved="true" type="PLAIN_TEXT" />
      <removed_mapping pattern="595df00160cdaa1ef41858ad5d6380a5" approved="true" type="PLAIN_TEXT" />
      <removed_mapping pattern="_card-product.scss" approved="true" type="PLAIN_TEXT" />
      <removed_mapping pattern="dusk/Dockerfile" approved="true" type="PLAIN_TEXT" />
      <removed_mapping pattern="mariadb/Dockerfile" approved="true" type="PLAIN_TEXT" />
      <removed_mapping pattern="nginx/Dockerfile" approved="true" type="PLAIN_TEXT" />
      <removed_mapping pattern="node/Dockerfile" approved="true" type="PLAIN_TEXT" />
      <removed_mapping pattern="redis/Dockerfile" approved="true" type="PLAIN_TEXT" />
      <mapping ext="plantuml" type="PlantUML file" />
    </extensionMap>
  </component>
</application>