<application>
  <component name="FindSettings">
    <option name="caseSensitive" value="true" />
    <option name="customScope" value="All Places" />
    <option name="defaultScopeName" value="All Places" />
    <option name="wholeWordsOnly" value="true" />
    <option name="CASE_SENSITIVE_SEARCH" value="true" />
    <option name="WHOLE_WORDS_ONLY" value="true" />
    <option name="SEARCH_SCOPE" value="All Places" />
    <mask>*.css</mask>
    <mask>*.html</mask>
    <mask>*.xml</mask>
    <mask>*.inc</mask>
    <mask>*.php5</mask>
    <mask>*.php4</mask>
    <mask>*.phtml</mask>
    <mask>*.module</mask>
    <mask>*.hphp</mask>
    <mask>*.ctp</mask>
    <mask>*Controller.php</mask>
    <mask>*Test.php</mask>
    <mask>*Kernel.php</mask>
    <mask>*Program*</mask>
    <mask>*.yml</mask>
    <mask>*.ts</mask>
    <mask>*.php</mask>
    <mask>*Factory.php</mask>
  </component>
</application>