<application>
  <component name="FindSettings">
    <option name="customScope" value="All Places" />
    <option name="defaultScopeName" value="All Places" />
    <option name="SEARCH_SCOPE" value="All Places" />
    <option name="FILE_MASK" value="*.php" />
    <mask>*.css</mask>
    <mask>*Extension.php</mask>
    <mask>*Controller.php</mask>
    <mask>*Command.php</mask>
    <mask>*.md</mask>
    <mask>*.xml</mask>
    <mask>*less</mask>
    <mask>*Repository.php</mask>
    <mask>Factories.php</mask>
    <mask>*.js</mask>
    <mask>*.rb</mask>
    <mask>*.yml</mask>
    <mask>*.php</mask>
    <mask>*.php</mask>
    <mask>*.php</mask>
    <mask>*.php</mask>
    <mask>*Test.php</mask>
    <mask>*.php</mask>
    <mask>*.php</mask>
    <mask>*.php</mask>
    <mask>*.php</mask>
    <mask>*.php</mask>
    <mask>*.php</mask>
    <mask>*Type.php</mask>
    <mask>*.twig</mask>
    <mask>*.less</mask>
    <mask>*.php</mask>
    <mask>*.php</mask>
    <mask>*.php</mask>
    <mask>*.php</mask>
  </component>
</application>