<application>
  <component name="FindSettings">
    <option name="customScope" value="All Places" />
    <option name="defaultScopeName" value="All Places" />
    <option name="wholeWordsOnly" value="true" />
    <option name="WHOLE_WORDS_ONLY" value="true" />
    <option name="SEARCH_SCOPE" value="All Places" />
    <option name="FILE_MASK" value="*" />
    <mask>*.java</mask>
    <mask>*.as</mask>
    <mask>*.css</mask>
    <mask>*.mxml</mask>
    <mask>*Controller.php</mask>
    <mask>*Repository.php</mask>
    <mask>*blade</mask>
    <mask>*.blade.php</mask>
    <mask>*.*</mask>
    <mask>*.scss</mask>
    <mask>*.</mask>
    <mask>*.stub</mask>
    <mask>**</mask>
    <mask>*.sql</mask>
    <mask>*Template*</mask>
    <mask>*.Sql</mask>
    <mask>*.json</mask>
    <mask>*.html</mask>
    <mask>*²</mask>
    <mask>DataExp*</mask>
    <mask>*.xlf</mask>
    <mask>*.twig</mask>
    <mask>*.vue</mask>
    <mask>*.jsx</mask>
    <mask>*.php</mask>
    <mask>*.yml</mask>
    <mask>*.yaml</mask>
    <mask>*.ts</mask>
    <mask>*.js</mask>
    <mask>*</mask>
  </component>
</application>