<application>
  <component name="FindSettings">
    <option name="customScope" value="All Places" />
    <option name="defaultScopeName" value="All Places" />
    <option name="SEARCH_SCOPE" value="All Places" />
    <mask>*.blade.php</mask>
    <mask>*.*</mask>
    <mask>*.</mask>
    <mask>*.stub</mask>
    <mask>**</mask>
    <mask>*.sql</mask>
    <mask>*Template*</mask>
    <mask>*.Sql</mask>
    <mask>*.json</mask>
    <mask>*.html</mask>
    <mask>*²</mask>
    <mask>DataExp*</mask>
    <mask>*.vue</mask>
    <mask>*.ts</mask>
    <mask>*.scss</mask>
    <mask>*.jsx</mask>
    <mask>*copy*</mask>
    <mask>*.js</mask>
    <mask>*php</mask>
    <mask>*Controller.php</mask>
    <mask>*.yaml</mask>
    <mask>*.xlf</mask>
    <mask>*.less</mask>
    <mask>*DOCKERFILE</mask>
    <mask>*.php</mask>
    <mask>*.twig</mask>
    <mask>*Test.php</mask>
    <mask>*</mask>
    <mask>*Type.php</mask>
    <mask>*.yml</mask>
  </component>
</application>