<application>
  <component name="GeneralSettings">
    <option name="showTipsOnStartup" value="false" />
    <option name="confirmExit" value="false" />
    <option name="confirmOpenNewProject2" value="0" />
    <option name="processCloseConfirmation" value="TERMINATE" />
  </component>
  <component name="Registry">
    <entry key="enable.connection.configuration.widget" value="false" source="SYSTEM" />
    <entry key="ide.browser.jcef.sandbox.enable" value="false" source="USER" />
    <entry key="THIN_CLIENT_EXTERNAL_SYSTEM.system.in.process" value="true" source="SYSTEM" />
    <entry key="ide.experimental.ui" value="true" source="SYSTEM" />
    <entry key="terminal.new.ui.reworked" value="true" source="SYSTEM" />
  </component>
</application>