<application>
  <component name="IntentionManagerSettings">
    <ignoreAction name="Language Injection/Edit Injected Fragment" />
    <ignoreAction name="Language Injection/Inject language or reference" />
    <ignoreAction name="JavaScript/Other/Replace Single-Quoted String with Double-Quoted String" />
    <ignoreAction name="JavaScript/Conditional Operator/Flip If" />
    <ignoreAction name="XML/Collapse empty tag" />
    <ignoreAction name="JavaScript/Introduce local variable" />
    <ignoreAction name="XML/Remove attribute" />
    <ignoreAction name="Language injection/Edit Injection Settings" />
    <ignoreAction name="Language injection/Un-inject language/reference" />
  </component>
</application>