<application>
  <component name="LafManager">
    <laf themeId="ExperimentalLight" />
    <lafs-to-previous-schemes>
      <laf-to-scheme laf="Darcula" scheme="_@user_Darcula" />
      <laf-to-scheme laf="Dark" scheme="_@user_Dark" />
      <laf-to-scheme laf="ExperimentalLight" scheme="Roboticket Light viyar 3.0" />
      <laf-to-scheme laf="High contrast" scheme="_@user_High contrast" />
      <laf-to-scheme laf="IntelliJ Light" scheme="_@user_IntelliJ Light" />
    </lafs-to-previous-schemes>
  </component>
</application>