<application>
  <component name="LogHighlightingSettings">
    <highlightingPatterns>
      <LogHighlightingPattern pattern="^\s*i(nfo)?\s*$" action="HIGHLIGHT_LINE" fg="-16744705" stripe="true" uuid="9d67dd08-91ff-472d-a9c5-88aa09ecdc16" />
      <LogHighlightingPattern pattern="^\s*\.e(rror)?\s*$" action="HIGHLIGHT_LINE" fg="-59904" bold="true" stripe="true" uuid="ad36f740-ffb5-45fc-9d5b-1311135ea809" />
      <LogHighlightingPattern pattern="^\s*d(ebug)?\s*$" action="HIGHLIGHT_LINE" bold="true" stripe="true" uuid="6d53aa10-fbc1-4d13-88e6-3eea6ecc3dce" />
    </highlightingPatterns>
    <parsingPatterns>
      <LogParsingPattern name="Pipe-separated" pattern="^(?s)([^|]*)\|([^|]*)\|([^|]*)\|(.*)$" timePattern="HH:mm:ss.SSS" linePattern="^\d" timeId="0" severityId="1" categoryId="2" uuid="b5772998-bf1e-4d9d-ab41-da0b86451163" />
      <LogParsingPattern name="IntelliJ IDEA" pattern="^([^\[]+)(\[[\s\d]+])\s*(\w*)\s*-\s*(\S*)\s*-(.+)$" timePattern="yyyy-MM-dd HH:mm:ss,SSS" linePattern="^\d" timeId="0" severityId="2" categoryId="3" uuid="8a0e8992-94cb-4f4c-8be2-42b03609626b" />
      <LogParsingPattern name="TeamCity build log" pattern="^\[([^]]+)](.):\s*(\[[^]]+])?(.*)$" timePattern="HH:mm:ss" linePattern="^\[" timeId="0" severityId="1" categoryId="2" uuid="e9fa2755-8390-42f5-a41e-a909c58c8cf9" />
      <LogParsingPattern name="All" pattern="^(.*?)(\s(.*?))?(\s(.*?))?(\s(.*?))?(\s(.*?))?(\s(.*?))?(\s(.*?))?$" uuid="db0779ce-9fd3-11ec-b909-0242ac120002" />
      <LogParsingPattern name="Symfony" pattern="^\[(\d{4}-\d{2}-\d{2}[T\s]?\d{2}:\d{2}:\d{2}(?:\.\d+)?(?:[\+-]\d{2}:?\d{2})?)]\s+(\w+)\.(\w+):([^\n]*)$" timePattern="yyyy-MM-dd'T'HH:mm:ss.SSSSSSZ" linePattern="^\[" timeId="0" severityId="2" categoryId="1" uuid="412e9ccd-b406-44ad-8310-3d950eb71955" />
    </parsingPatterns>
    <settingsVersion>6</settingsVersion>
    <lastAddedDefaultFormat>b5772998-bf1e-4d9d-ab41-da0b86451163,8a0e8992-94cb-4f4c-8be2-42b03609626b,e9fa2755-8390-42f5-a41e-a909c58c8cf9,db0779ce-9fd3-11ec-b909-0242ac120002</lastAddedDefaultFormat>
  </component>
</application>