<application>
  <component name="NodeJsLocalInterpreterManager">
    <local-interpreter path="/usr/local/bin/node" />
  </component>
  <component name="NodeJsRemoteInterpreters">
    <interpreter node-remote-interpreter="docker-compose://[/home/farrugia/www/docker/docker-compose.backoffice.yml]:backoffice/node" INTERPRETER_PATH="node" HELPERS_PATH=".webstorm_nodejs_helpers" VALID="true" RUN_AS_ROOT_VIA_SUDO="false" VERSION="" OUTDATED_ID="" DOCKER_ACCOUNT_NAME="Docker" DOCKER_COMPOSE_SERVICE_NAME="backoffice" DOCKER_REMOTE_PROJECT_PATH="/opt/project">
      <dockerComposeConfigurationPaths>
        <item value="$USER_HOME$/www/docker/docker-compose.backoffice.yml" />
      </dockerComposeConfigurationPaths>
      <envs />
    </interpreter>
  </component>
</application>