<application>
  <component name="ProjectManager">
    <defaultProject>
      <component name="Encoding">
        <file url="PROJECT" charset="UTF-8" />
      </component>
      <component name="FileColors">
        <fileColor scope="Non-Project Files (Material Default)" color="415967" />
        <fileColor scope="Non-Project Files (Material Darker)" color="474747" />
        <fileColor scope="Non-Project Files (Material Lighter)" color="D2D4D5" />
        <fileColor scope="Non-Project Files (Material Palenight)" color="4E5579" />
        <fileColor scope="Non-Project Files (Material Default)" color="2E3C43" />
        <fileColor scope="Non-Project Files (Material Darker)" color="323232" />
        <fileColor scope="Non-Project Files (Material Lighter)" color="eae8e8" />
        <fileColor scope="Non-Project Files (Material Palenight)" color="2f2e43" />
      </component>
      <component name="NodePackageJsonFileManager">
        <packageJsonPaths />
      </component>
      <component name="PhpWorkspaceProjectConfiguration" backward_compatibility_performed="true" />
      <component name="PropertiesComponent">
        <property name="nodejs_interpreter_path.stuck_in_default_project" value="C:/Program Files/nodejs/node" />
        <property name="nodejs_npm_path_reset_for_default_project" value="true" />
        <property name="settings.editor.selected.configurable" value="editor.preferences.fonts.default" />
      </component>
    </defaultProject>
  </component>
</application>