<application>
  <component name="BlockTerminalOptions">
    <option name="promptStyle" value="SINGLE_LINE" />
  </component>
  <component name="BlockTerminalUsage">
    <option name="blockTerminalDisabledLastTimeMillis" value="1733502758936" />
    <option name="blockTerminalUsedLastTimeMillis" value="1746525859125" />
    <option name="blockTerminalUsedLastVersion" value="251.23774.466" />
    <option name="feedbackNotificationShown" value="true" />
    <shellToExecutedCommandsNumber>
      <entry key="zsh" value="22" />
    </shellToExecutedCommandsNumber>
  </component>
  <component name="ReworkedTerminalUsage"><![CDATA[{
  "feedbackNotificationShown": true,
  "enterKeyPressedTimes": 857
}]]></component>
</application>