<application>
  <component name="Trusted.Paths">
    <option name="TRUSTED_PROJECT_PATHS">
      <map>
        <entry key="$APPLICATION_CONFIG_DIR$/thinProject" value="true" />
        <entry key="$USER_HOME$/www/airarmony.fr" value="true" />
        <entry key="$USER_HOME$/www/angele-secretariat" value="true" />
        <entry key="$USER_HOME$/www/app" value="true" />
        <entry key="$USER_HOME$/www/back" value="true" />
        <entry key="$USER_HOME$/www/backoffice" value="true" />
        <entry key="$USER_HOME$/www/boond" value="true" />
        <entry key="$USER_HOME$/www/docker" value="true" />
        <entry key="$USER_HOME$/www/eapi-documentation" value="true" />
        <entry key="$USER_HOME$/www/environment-setup" value="true" />
        <entry key="$USER_HOME$/www/farrugia-secretariat" value="true" />
        <entry key="$USER_HOME$/www/farrugia-secretariat/vendor/bin" value="true" />
        <entry key="$USER_HOME$/www/fidelycard" value="true" />
        <entry key="$USER_HOME$/www/front" value="true" />
        <entry key="$USER_HOME$/www/fusionly/back" value="true" />
        <entry key="$USER_HOME$/www/fusionly/docker" value="true" />
        <entry key="$USER_HOME$/www/fusionly/front-web" value="true" />
        <entry key="$USER_HOME$/www/hairshop" value="true" />
        <entry key="$USER_HOME$/www/inflex" value="true" />
        <entry key="$USER_HOME$/www/inflex/back" value="true" />
        <entry key="$USER_HOME$/www/inflex/docker" value="true" />
        <entry key="$USER_HOME$/www/inflex/front-web" value="true" />
        <entry key="$USER_HOME$/www/meditask" value="true" />
        <entry key="$USER_HOME$/www/plumber" value="true" />
        <entry key="$USER_HOME$/www/plumber-showcase" value="true" />
        <entry key="$USER_HOME$/www/sassfolding" value="true" />
        <entry key="$USER_HOME$/www/taxi-booking" value="true" />
      </map>
    </option>
  </component>
  <component name="Trusted.Paths.Settings">
    <option name="TRUSTED_PATHS">
      <list>
        <option value="$USER_HOME$/www" />
      </list>
    </option>
  </component>
</application>