<application>
  <component name="PhpThisOrSelfImportFilteringUsageSetting">
    <option name="SHOW_THIS_OR_SELF_REFERENCES" value="true" />
  </component>
  <component name="UsageViewSettings">
    <option name="IS_AUTOSCROLL_TO_SOURCE" value="true" />
    <option name="GROUP_BY_MODULE" value="false" />
    <option name="GROUP_BY_PACKAGE" value="false" />
    <option name="GROUP_BY_USAGE_TYPE" value="false" />
    <option name="PREVIEW_USAGES_SPLITTER_PROPORTIONS" value="0.5246949" />
  </component>
</application>