<application>
  <component name="PhpThisOrSelfImportFilteringUsageSetting">
    <option name="SHOW_THIS_OR_SELF_REFERENCES" value="true" />
  </component>
  <component name="ShowUsagesSettings">
    <option name="IS_FILTER_DUPLICATED_LINE" value="false" />
  </component>
  <component name="UsageViewSettings">
    <option name="IS_AUTOSCROLL_TO_SOURCE" value="true" />
    <option name="IS_EXPANDED" value="true" />
    <option name="GROUP_BY_MODULE" value="false" />
    <option name="GROUP_BY_USAGE_TYPE" value="false" />
    <option name="PREVIEW_USAGES_SPLITTER_PROPORTIONS" value="0.4497529" />
  </component>
</application>