<application>
  <component name="DimensionService">
    <location key="find.popup.1280.0.1920.1080" x="1356" y="240" />
    <location key="find.popup.3200.0.1920.1080" x="3433" y="134" />
    <location key="find.popup.0.0.1280.800" x="173" y="113" />
    <location key="find.popup.0.0.3072.1920@192dpi" x="820" y="340" />
    <location key="GridCell.Tab.1.left.1280.0.1920.1080" x="3337" y="78" />
    <location key="GridCell.Tab.1.center.1280.0.1920.1080" x="3337" y="78" />
    <location key="GridCell.Tab.1.right.1280.0.1920.1080" x="3337" y="78" />
    <location key="GridCell.Tab.1.bottom.1280.0.1920.1080" x="3337" y="78" />
    <location key="GridCell.Tab.2.left.1280.0.1920.1080" x="3337" y="78" />
    <location key="GridCell.Tab.2.center.1280.0.1920.1080" x="3337" y="78" />
    <location key="GridCell.Tab.2.right.1280.0.1920.1080" x="3337" y="78" />
    <location key="GridCell.Tab.2.bottom.1280.0.1920.1080" x="3337" y="78" />
    <location key="GridCell.Tab.1.left.3200.0.1920.1080" x="3200" y="0" />
    <location key="GridCell.Tab.1.center.3200.0.1920.1080" x="3200" y="0" />
    <location key="GridCell.Tab.1.right.3200.0.1920.1080" x="3200" y="0" />
    <location key="GridCell.Tab.1.bottom.3200.0.1920.1080" x="3200" y="0" />
    <location key="GridCell.Tab.-1.left.3200.0.1920.1080" x="3525" y="155" />
    <location key="GridCell.Tab.-1.center.3200.0.1920.1080" x="3525" y="155" />
    <location key="GridCell.Tab.-1.right.3200.0.1920.1080" x="3525" y="155" />
    <location key="GridCell.Tab.-1.bottom.3200.0.1920.1080" x="3525" y="155" />
    <location key="find.popup.6144.0.1920.1080@192dpi" x="6464" y="26" />
    <size key="GridCell.Tab.0.left.1280.0.1920.1080" width="1619" height="472" />
    <size key="GridCell.Tab.0.center.1280.0.1920.1080" width="1619" height="472" />
    <size key="GridCell.Tab.0.right.1280.0.1920.1080" width="1619" height="472" />
    <size key="GridCell.Tab.0.bottom.1280.0.1920.1080" width="1619" height="472" />
    <size key="find.popup.1280.0.1920.1080" width="1376" height="624" />
    <size key="GridCell.Tab.2.left.1280.0.1920.1080" width="1854" height="326" />
    <size key="GridCell.Tab.2.center.1280.0.1920.1080" width="1854" height="326" />
    <size key="GridCell.Tab.2.right.1280.0.1920.1080" width="1854" height="326" />
    <size key="GridCell.Tab.2.bottom.1280.0.1920.1080" width="1854" height="326" />
    <size key="GridCell.Tab.1.left.1280.0.1920.1080" width="1619" height="472" />
    <size key="GridCell.Tab.1.center.1280.0.1920.1080" width="1619" height="472" />
    <size key="GridCell.Tab.1.right.1280.0.1920.1080" width="1619" height="472" />
    <size key="GridCell.Tab.1.bottom.1280.0.1920.1080" width="1619" height="472" />
    <size key="GridCell.Tab.3.left.1280.0.1920.1080" width="1578" height="508" />
    <size key="GridCell.Tab.3.center.1280.0.1920.1080" width="1578" height="508" />
    <size key="GridCell.Tab.3.right.1280.0.1920.1080" width="1578" height="508" />
    <size key="GridCell.Tab.3.bottom.1280.0.1920.1080" width="1578" height="508" />
    <size key="find.popup.3200.0.1920.1080" width="1231" height="859" />
    <size key="find.popup.0.0.1280.800" width="716" height="555" />
    <size key="GridCell.Tab.0.left.3200.0.1920.1080" width="1619" height="264" />
    <size key="GridCell.Tab.0.center.3200.0.1920.1080" width="1619" height="264" />
    <size key="GridCell.Tab.0.right.3200.0.1920.1080" width="1619" height="264" />
    <size key="GridCell.Tab.0.bottom.3200.0.1920.1080" width="1619" height="264" />
    <size key="GridCell.Tab.1.left.3200.0.1920.1080" width="1619" height="264" />
    <size key="GridCell.Tab.1.center.3200.0.1920.1080" width="1619" height="264" />
    <size key="GridCell.Tab.1.right.3200.0.1920.1080" width="1619" height="264" />
    <size key="GridCell.Tab.1.bottom.3200.0.1920.1080" width="1619" height="264" />
    <size key="GridCell.Tab.2.left.3200.0.1920.1080" width="1355" height="356" />
    <size key="GridCell.Tab.2.center.3200.0.1920.1080" width="1355" height="356" />
    <size key="GridCell.Tab.2.right.3200.0.1920.1080" width="1355" height="356" />
    <size key="GridCell.Tab.2.bottom.3200.0.1920.1080" width="1355" height="356" />
    <size key="GridCell.Tab.3.left.3200.0.1920.1080" width="1552" height="319" />
    <size key="GridCell.Tab.3.center.3200.0.1920.1080" width="1552" height="319" />
    <size key="GridCell.Tab.3.right.3200.0.1920.1080" width="1552" height="319" />
    <size key="GridCell.Tab.3.bottom.3200.0.1920.1080" width="1552" height="319" />
    <size key="find.popup.0.0.3072.1920@192dpi" width="1304" height="1056" />
    <size key="GridCell.Tab.-1.left.1280.0.1920.1080" width="1471" height="619" />
    <size key="GridCell.Tab.-1.center.1280.0.1920.1080" width="1471" height="619" />
    <size key="GridCell.Tab.-1.right.1280.0.1920.1080" width="1471" height="619" />
    <size key="GridCell.Tab.-1.bottom.1280.0.1920.1080" width="1471" height="619" />
    <size key="GridCell.Tab.4.left.1280.0.1920.1080" width="1578" height="366" />
    <size key="GridCell.Tab.4.center.1280.0.1920.1080" width="1578" height="366" />
    <size key="GridCell.Tab.4.right.1280.0.1920.1080" width="1578" height="366" />
    <size key="GridCell.Tab.4.bottom.1280.0.1920.1080" width="1578" height="366" />
    <size key="GridCell.Tab.5.left.3200.0.1920.1080" width="1552" height="471" />
    <size key="GridCell.Tab.5.center.3200.0.1920.1080" width="1552" height="471" />
    <size key="GridCell.Tab.5.right.3200.0.1920.1080" width="1552" height="471" />
    <size key="GridCell.Tab.5.bottom.3200.0.1920.1080" width="1552" height="471" />
    <size key="GridCell.Tab.0.left.0.0.1280.800" width="1854" height="371" />
    <size key="GridCell.Tab.0.center.0.0.1280.800" width="1854" height="371" />
    <size key="GridCell.Tab.0.right.0.0.1280.800" width="1854" height="371" />
    <size key="GridCell.Tab.0.bottom.0.0.1280.800" width="1854" height="371" />
    <size key="GridCell.Tab.5.left.1280.0.1920.1080" width="1663" height="499" />
    <size key="GridCell.Tab.5.center.1280.0.1920.1080" width="1663" height="499" />
    <size key="GridCell.Tab.5.right.1280.0.1920.1080" width="1663" height="499" />
    <size key="GridCell.Tab.5.bottom.1280.0.1920.1080" width="1663" height="499" />
    <size key="GridCell.Tab.6.left.1280.0.1920.1080" width="1663" height="499" />
    <size key="GridCell.Tab.6.center.1280.0.1920.1080" width="1663" height="499" />
    <size key="GridCell.Tab.6.right.1280.0.1920.1080" width="1663" height="499" />
    <size key="GridCell.Tab.6.bottom.1280.0.1920.1080" width="1663" height="499" />
    <size key="GridCell.Tab.7.left.1280.0.1920.1080" width="1663" height="536" />
    <size key="GridCell.Tab.7.center.1280.0.1920.1080" width="1663" height="536" />
    <size key="GridCell.Tab.7.right.1280.0.1920.1080" width="1663" height="536" />
    <size key="GridCell.Tab.7.bottom.1280.0.1920.1080" width="1663" height="536" />
    <size key="GridCell.Tab.1.left.0.0.1280.800" width="798" height="528" />
    <size key="GridCell.Tab.1.center.0.0.1280.800" width="798" height="528" />
    <size key="GridCell.Tab.1.right.0.0.1280.800" width="798" height="528" />
    <size key="GridCell.Tab.1.bottom.0.0.1280.800" width="798" height="528" />
    <size key="GridCell.Tab.4.left.3200.0.1920.1080" width="1552" height="354" />
    <size key="GridCell.Tab.4.center.3200.0.1920.1080" width="1552" height="354" />
    <size key="GridCell.Tab.4.right.3200.0.1920.1080" width="1552" height="354" />
    <size key="GridCell.Tab.4.bottom.3200.0.1920.1080" width="1552" height="354" />
    <size key="GridCell.Tab.7.left.3200.0.1920.1080" width="1552" height="534" />
    <size key="GridCell.Tab.7.center.3200.0.1920.1080" width="1552" height="534" />
    <size key="GridCell.Tab.7.right.3200.0.1920.1080" width="1552" height="534" />
    <size key="GridCell.Tab.7.bottom.3200.0.1920.1080" width="1552" height="534" />
    <size key="GridCell.Tab.8.left.1280.0.1920.1080" width="1663" height="536" />
    <size key="GridCell.Tab.8.center.1280.0.1920.1080" width="1663" height="536" />
    <size key="GridCell.Tab.8.right.1280.0.1920.1080" width="1663" height="536" />
    <size key="GridCell.Tab.8.bottom.1280.0.1920.1080" width="1663" height="536" />
    <size key="GridCell.Tab.-1.left.3200.0.1920.1080" width="1595" height="783" />
    <size key="GridCell.Tab.-1.center.3200.0.1920.1080" width="1595" height="783" />
    <size key="GridCell.Tab.-1.right.3200.0.1920.1080" width="1595" height="783" />
    <size key="GridCell.Tab.-1.bottom.3200.0.1920.1080" width="1595" height="783" />
    <size key="find.popup.6144.0.1920.1080@192dpi" width="1376" height="1056" />
    <size key="GridCell.Tab.8.left.3200.0.1920.1080" width="1355" height="475" />
    <size key="GridCell.Tab.8.center.3200.0.1920.1080" width="1355" height="475" />
    <size key="GridCell.Tab.8.right.3200.0.1920.1080" width="1355" height="475" />
    <size key="GridCell.Tab.8.bottom.3200.0.1920.1080" width="1355" height="475" />
  </component>
  <component name="WindowManager">
    <frame x="1280" y="32" width="1920" height="1048" extendedState="6" />
  </component>
  <component name="WindowStateApplicationService">
    <state width="989" height="164" key="ShowUsagesActions.dimensionServiceKey" timestamp="1740562406993">
      <screen x="1280" y="0" width="1920" height="1080" />
    </state>
    <state width="958" height="516" key="ShowUsagesActions.dimensionServiceKey/0.0.1536.960/3072.0.960.540" timestamp="1734712873672" />
    <state width="1083" height="516" key="ShowUsagesActions.dimensionServiceKey/0.32.1536.928" timestamp="1732176510512" />
    <state width="989" height="164" key="ShowUsagesActions.dimensionServiceKey/1280.0.1920.1080/0.0.1280.800/3200.0.1920.1080" timestamp="1740562406993" />
    <state x="640" y="375" width="800" height="650" key="WELCOME_SCREEN" timestamp="1739962067724">
      <screen x="0" y="0" width="1280" height="800" />
    </state>
    <state x="640" y="375" width="800" height="650" key="WELCOME_SCREEN/1280.0.1920.1080/0.0.1280.800/3200.0.1920.1080" timestamp="1739962067724" />
  </component>
</application>