<application>
  <component name="AppStorage">
    <histories>
      <item value="Object containing in key the referenceId and in value if this one is loading or not" />
      <item value="The annotation &lt;&lt; $constraintAnnotation &gt;&gt; isn't not already handled" />
      <item value="The quantity must be greather than 1" />
      <item value="All elements must be a digit as integer between 0 and 9" />
    </histories>
    <option name="languageScores">
      <map>
        <entry key="ENGLISH" value="4" />
        <entry key="FRENCH" value="4" />
      </map>
    </option>
  </component>
</application>