<application>
  <component name="AppStorage">
    <histories>
      <item value="Today, once again, the PO wants to add some new stuff to it and add the management for a new placeholder. But this class is already complex enough and just adding a new behaviour to it won't work this time." />
      <item value="Nonetheless" />
      <item value="and easy to change afterwards" />
      <item value="Nonetheless, as the business changes frequently, this class has already been modified many times, making it harder to understand at each step." />
      <item value="whose job is to replace placeholders in texts by travel related information." />
      <item value="set the owning side to null (unless already changed)" />
      <item value="Failed to write stream" />
    </histories>
    <option name="languageScores">
      <map>
        <entry key="ENGLISH" value="7" />
        <entry key="FRENCH" value="7" />
      </map>
    </option>
  </component>
  <component name="Cache">
    <option name="lastTrimTime" value="1643901388752" />
  </component>
</application>